,Average Compile Time (s), Average Execution Time (s)
Stack-Based MINIC,0.5015827655792237,42.141325616836546
Unoptimized Register-Based MINIC,0.511719036102295,23.647500610351564
Optimized Register-Based MINIC,0.501734447479248,23.61659941673279
Unoptimized GCC,0.3227198123931885,36.61227221488953
Optimized GCC,0.3940268516540527,4.030196714401245