,Average Compile Time (s), Average Execution Time (s)
Stack-Based MINIC,0.6023616790771484,0.9787889957427979
Unoptimized Register-Based MINIC,0.5739652633666992,0.9497438430786133
Optimized Register-Based MINIC,0.6132266044616699,0.989408016204834
Unoptimized GCC,0.3624098300933838,0.47493581771850585
Optimized GCC,3.6732579708099364,3.785269546508789