,Average Compile Time (s), Average Execution Time (s)
Stack-Based MINIC,0.48336381912231446,0.11320562362670898
Unoptimized Register-Based MINIC,0.49269914627075195,0.11305522918701172
Optimized Register-Based MINIC,0.4724575996398926,0.11352081298828125
Unoptimized GCC,0.3127687931060791,0.11028680801391602
Optimized GCC,0.412229585647583,0.11341428756713867