,Average Compile Time (s), Average Execution Time (s)
Stack-Based MINIC,0.5217970371246338,30.186367082595826
Unoptimized Register-Based MINIC,0.5135212898254394,14.283660840988158
Optimized Register-Based MINIC,0.5218798160552979,14.283475160598755
Unoptimized GCC,0.32286953926086426,27.440351057052613
Optimized GCC,0.4126167297363281,0.11348657608032227