,Average Compile Time (s), Average Execution Time (s)
Stack-Based MINIC,0.6228629589080811,0.11337075233459473
Unoptimized Register-Based MINIC,0.6535569667816162,0.11339082717895507
Optimized Register-Based MINIC,0.6131527900695801,0.11338319778442382
Unoptimized GCC,0.3628969669342041,0.11329622268676758
Optimized GCC,0.5339797019958497,0.1113271713256836