,Average Compile Time (s), Average Execution Time (s)
Stack-Based MINIC,0.5426220417022705,9.07643265724182
Unoptimized Register-Based MINIC,0.5128788471221923,4.00811357498169
Optimized Register-Based MINIC,0.5123645782470703,4.019041395187378
Unoptimized GCC,0.32210140228271483,8.082450819015502
Optimized GCC,0.41231660842895507,0.11353435516357421