,Average Compile Time (s), Average Execution Time (s)
Stack-Based MINIC,0.5026599884033203,0.8799838542938232
Unoptimized Register-Based MINIC,0.4725346565246582,0.8491016387939453
Optimized Register-Based MINIC,0.5216012477874756,0.8988540172576904
Unoptimized GCC,0.31284356117248535,0.4242908000946045
Optimized GCC,0.36191425323486326,0.47544045448303224