,Average Compile Time (s), Average Execution Time (s)
Stack-Based MINIC,0.48240103721618655,26.19552364349365
Unoptimized Register-Based MINIC,0.5127654552459717,22.591079998016358
Optimized Register-Based MINIC,0.4827768325805664,22.584799814224244
Unoptimized GCC,0.3122598171234131,20.222689199447633
Optimized GCC,0.412664794921875,6.634684419631958