,Average Compile Time (s), Average Execution Time (s)
Stack-Based MINIC,0.502020788192749,2.1362468242645263
Unoptimized Register-Based MINIC,0.4922481060028076,1.8359665393829345
Optimized Register-Based MINIC,0.5215107917785644,1.5954426288604737
Unoptimized GCC,0.31198701858520506,1.3918560028076172
Optimized GCC,0.3615384101867676,0.12189197540283203