,Average Compile Time (s), Average Execution Time (s)
Stack-Based MINIC,0.4834312438964844,0.11324601173400879
Unoptimized Register-Based MINIC,0.482838773727417,0.1133608341217041
Optimized Register-Based MINIC,0.4927313804626465,0.11337838172912598
Unoptimized GCC,0.3124060153961182,0.1100881576538086
Optimized GCC,0.3631126403808594,0.11327862739562988