,Average Compile Time (s), Average Execution Time (s)
Stack-Based MINIC,0.5129899978637695,17.397949743270875
Unoptimized Register-Based MINIC,0.511674451828003,15.785641145706176
Optimized Register-Based MINIC,0.5333699703216552,15.785644340515137
Unoptimized GCC,0.3218977928161621,13.249440813064576
Optimized GCC,0.763594388961792,7.524089050292969