,Average Compile Time (s), Average Execution Time (s)
Stack-Based MINIC,0.5419313907623291,18.422942924499512
Unoptimized Register-Based MINIC,0.5221549987792968,16.570757341384887
Optimized Register-Based MINIC,0.5213458061218261,16.60100555419922
Unoptimized GCC,0.32342076301574707,13.562919569015502
Optimized GCC,0.7735432147979736,8.247664785385131