,Average Compile Time (s), Average Execution Time (s)
Stack-Based MINIC,0.5133031845092774,15.353606271743775
Unoptimized Register-Based MINIC,0.51274094581604,9.343607950210572
Optimized Register-Based MINIC,0.5021227359771728,9.312287187576294
Unoptimized GCC,0.3117363452911377,11.359743595123291
Optimized GCC,0.41243457794189453,2.719668388366699