,Average Compile Time (s), Average Execution Time (s)
Stack-Based MINIC,0.513448429107666,12.938043069839477
Unoptimized Register-Based MINIC,0.4723498344421387,7.559179639816284
Optimized Register-Based MINIC,0.4738172054290771,7.562030982971192
Unoptimized GCC,0.3137524127960205,12.462937021255494
Optimized GCC,0.362598180770874,4.481851625442505