,Average Compile Time (s), Average Execution Time (s)
Stack-Based MINIC,0.5326032161712646,18.109377574920654
Unoptimized Register-Based MINIC,0.5135215759277344,13.748261308670044
Optimized Register-Based MINIC,0.5124678134918212,10.053169250488281
Unoptimized GCC,0.3329495429992676,14.0874614238739
Optimized GCC,0.42321081161499025,1.8858139991760254