,Average Compile Time (s), Average Execution Time (s)
Stack-Based MINIC,0.643095874786377,18.855888175964356
Unoptimized Register-Based MINIC,0.7727652072906495,16.379956007003784
Optimized Register-Based MINIC,0.5928637981414795,11.487124967575074
Unoptimized GCC,0.3631850242614746,18.49127540588379
Optimized GCC,0.6130049705505372,0.7266669273376465