,Average Compile Time (s), Average Execution Time (s)
Stack-Based MINIC,0.49163036346435546,20.777766704559326
Unoptimized Register-Based MINIC,0.49226722717285154,14.588568019866944
Optimized Register-Based MINIC,0.49219398498535155,14.66887640953064
Unoptimized GCC,0.3120004653930664,15.776835346221924
Optimized GCC,0.3726966381072998,9.336134195327759