,Average Compile Time (s), Average Execution Time (s)
Stack-Based MINIC,0.5124512672424316,0.11322121620178223
Unoptimized Register-Based MINIC,0.5127933979034424,0.11309623718261719
Optimized Register-Based MINIC,0.5122061729431152,0.11348719596862793
Unoptimized GCC,0.31270742416381836,0.11122183799743653
Optimized GCC,0.36334681510925293,0.11350178718566895