,Average Compile Time (s), Average Execution Time (s)
Stack-Based MINIC,0.5231298923492431,10.734312629699707
Unoptimized Register-Based MINIC,0.5332608222961426,6.057096529006958
Optimized Register-Based MINIC,1.7294288635253907,7.254049634933471
Unoptimized GCC,0.34249515533447267,10.188799190521241
Optimized GCC,0.44250149726867677,3.299135446548462