,Average Compile Time (s), Average Execution Time (s)
Stack-Based MINIC,0.5731513977050782,0.9502492427825928
Unoptimized Register-Based MINIC,0.5935857772827149,0.9696233749389649
Optimized Register-Based MINIC,0.5623442173004151,0.9388531684875489
Unoptimized GCC,0.3621150016784668,0.4756889820098877
Optimized GCC,0.5143848419189453,0.6279293060302734