,Average Compile Time (s), Average Execution Time (s)
Stack-Based MINIC,0.5227490901947022,0.11340579986572266
Unoptimized Register-Based MINIC,0.46209182739257815,0.11334476470947266
Optimized Register-Based MINIC,0.4828120231628418,0.11325221061706543
Unoptimized GCC,0.3124403476715088,0.11155872344970703
Optimized GCC,0.3631596088409424,0.11345100402832031